{
  "experiment": "z0_constraint",
  "timestamp": "20260309_191735",
  "device": "cpu",
  "configs": [
    {
      "n": 5,
      "m": 2,
      "l": 2,
      "S": 0.9,
      "n_seeds": 15,
      "mean_with": 0.009792617770532768,
      "std_with": 0.007097833908843981,
      "mean_without": 0.009184866615881523,
      "std_without": 0.008408030553806461,
      "mean_diff": -0.0006077511546512445,
      "diff_pct": -6.2062174680201,
      "p_value": 0.7892053125346035,
      "cohens_d": -0.07036270630664322,
      "best_with": 0.0022332104854285717,
      "best_without": 0.0024838608223944902,
      "best_diff_pct": 11.223766796787928,
      "z0_mean_norm": 0.7961624264717102,
      "z0_max_norm": 1.3183023929595947,
      "effect": "negligible",
      "significant": 