{
  "within_cluster_nonlinearity": 0.062071619796500145,
  "between_cluster_nonlinearity": 0.05884518689708784,
  "within_std": 0.05537826532158074,
  "between_std": 0.03746024450916255,
  "n_within_pairs": 112,
  "n_between_pairs": 384,
  "ttest_statistic": 0.7108924566417419,
  "ttest_p_value": 0.4774863801782556
}